{"train_accuracy": [0.8925, 0.9839833333333333, 0.9889166666666667, 0.99185, 0.9928333333333333, 0.9939833333333333, 0.9948, 0.9962333333333333, 0.9960166666666667, 0.9964, 0.9971333333333333, 0.9973, 0.9982666666666666, 0.99825, 0.9984166666666666, 0.9984333333333333, 0.9980333333333333, 0.99885, 0.99815, 0.9988], "train_loss": [0.3686331640869411, 0.06841233673084503, 0.048169779506619215, 0.03400158848873387, 0.02784402987203384, 0.02319404012358525, 0.020104396084827662, 0.015796079988146933, 0.014443853735343676, 0.013611394244074664, 0.01123100743365118, 0.010352374361198732, 0.006059739915482171, 0.006437652325343372, 0.006414103311286445, 0.006006743811592888, 0.007643962205585887, 0.003958941151462828, 0.006938947139769298, 0.0049149780690606005], "test_accuracy": [0.9853, 0.9871, 0.9905, 0.9925, 0.9936, 0.992, 0.9909, 0.9927, 0.9909, 0.992, 0.9942, 0.9946, 0.9929, 0.9949, 0.9948, 0.9945, 0.9941, 0.9943, 0.9938, 0.9942], "test_loss": [0.053920024658901076, 0.054061430241158115, 0.036508405533961105, 0.025123465634938447, 0.025100051130053383, 0.034553686257903435, 0.03313820924829744, 0.03071637052526748, 0.035960804008660675, 0.033353076792945434, 0.024764610124604382, 0.022677197836660352, 0.027034065716559526, 0.02128087940943686, 0.025301841344499632, 0.02649335495997795, 0.030197276366670682, 0.027117306861695466, 0.03174894838916253, 0.02656871948526219]}