{"train_accuracy": [0.9560166666666666, 0.9903666666666666, 0.99375, 0.99505, 0.9971666666666666, 0.9974, 0.9977, 0.9983, 0.9983166666666666, 0.9986166666666667, 0.9991166666666667, 0.9995166666666667, 0.9994166666666666, 0.9996166666666667, 0.9991, 0.9998833333333333, 0.9998666666666667, 0.9998333333333334, 1.0, 1.0], "train_loss": [0.14375656460727582, 0.032065243325950794, 0.02115787591355523, 0.016066648869222697, 0.01047703778952795, 0.008587131002520858, 0.007473623903127197, 0.005690318526955216, 0.005318039629433025, 0.004137181040045231, 0.002480651744434984, 0.0014947278831329383, 0.001695523445903897, 0.0014574019663587121, 0.003026279416912296, 0.0008953871786103295, 0.0004812313381636044, 0.0005421171498388554, 0.00012069234162578696, 4.847860956401368e-05], "test_accuracy": [0.9916, 0.9895, 0.9944, 0.993, 0.993, 0.9925, 0.9928, 0.9945, 0.9946, 0.9941, 0.9938, 0.9943, 0.9957, 0.995, 0.9948, 0.9947, 0.9946, 0.9952, 0.9953, 0.9957], "test_loss": [0.02551607592797638, 0.03206041190166121, 0.019049712219327112, 0.022649466239514207, 0.032921422307918884, 0.026634839002637613, 0.025207104199879826, 0.02172242418419046, 0.021565128249826156, 0.0243294921940301, 0.024149455539994546, 0.02408698755897592, 0.0194244503863654, 0.02126395705170845, 0.022284608486038852, 0.022918445137316047, 0.024549266543619778, 0.020897227428036205, 0.02147672667894121, 0.02095324639437257]}