{"train_accuracy": [0.10231666666666667, 0.1016, 0.10048333333333333, 0.10083333333333333, 0.10105, 0.10181666666666667, 0.10281666666666667, 0.10045, 0.10108333333333333, 0.10235, 0.1032, 0.10188333333333334, 0.10186666666666666, 0.09918333333333333, 0.103, 0.10175, 0.09893333333333333, 0.10113333333333334, 0.10015, 0.10031666666666667], "train_loss": [5536633.68701897, 2.343459302682612, 2.3512123246182766, 2.3513193811689104, 2.3475597428360473, 2.347623183529006, 2.348257626551809, 2.353425750854427, 2.353491043485304, 2.346687194380933, 2.3454301281016012, 2.348518490028788, 2.352360867742282, 2.3492734793152636, 2.3469164539247687, 2.3503103144387447, 2.3494091659212417, 2.348310749668048, 2.34849848116893, 2.349351737036634], "test_accuracy": [0.0974, 0.0982, 0.1032, 0.1032, 0.101, 0.0974, 0.1135, 0.1009, 0.0974, 0.1135, 0.101, 0.101, 0.0892, 0.1135, 0.0974, 0.1028, 0.1028, 0.0892, 0.1135, 0.101], "test_loss": [2.324425799937188, 2.414334233803085, 2.3605385249174096, 2.3676344533509845, 2.36838827253897, 2.369865182079846, 2.359737097462521, 2.349494955207728, 2.4222201938870587, 2.359195316894145, 2.380835714219492, 2.326887176006655, 2.3361158099355577, 2.339935269536851, 2.341335752342321, 2.328913688659668, 2.336532375480555, 2.3480368746986873, 2.32886200011531, 2.3621148429339445]}