{"train_accuracy": [0.10691666666666666, 0.1071, 0.10405, 0.10401666666666666, 0.10373333333333333, 0.104, 0.10388333333333333, 0.10256666666666667, 0.10495, 0.10375, 0.10473333333333333, 0.10416666666666667, 0.1048, 0.1047, 0.10305, 0.10353333333333334, 0.10575, 0.10295, 0.10251666666666667, 0.10515], "train_loss": [545.6253697780658, 2.305449877720652, 2.3062439188520027, 2.307385835057891, 2.3072939661265943, 2.3067636810131926, 2.3075107079324946, 2.307613454139563, 2.3072481150311956, 2.306692522980257, 2.3080044951774417, 2.307181788405884, 2.307589535520021, 2.307401347516188, 2.3073328786821508, 2.307969269722001, 2.307197182417424, 2.3076361135633263, 2.3076629750510014, 2.3071385899078107], "test_accuracy": [0.1135, 0.0956, 0.1028, 0.1011, 0.1135, 0.1135, 0.101, 0.1029, 0.0975, 0.0983, 0.0957, 0.101, 0.1136, 0.1032, 0.0957, 0.1136, 0.1136, 0.1135, 0.1033, 0.1009], "test_loss": [2.303930696052841, 2.305982746655428, 2.305955340590658, 2.3208694427828247, 2.3068275542198857, 2.316148534605775, 2.3041468179678617, 2.318230973014349, 2.31436860410473, 2.3197783940955055, 2.3114236970491047, 2.305532905119884, 2.3145673576789565, 2.3068267816229713, 2.306247729289381, 2.3192228908780255, 2.3094564389578904, 2.3029513268531123, 2.306241144107867, 2.304513973525808]}