{"train_accuracy": [0.4625666666666667, 0.9413666666666667, 0.9735, 0.9806166666666667, 0.98295, 0.9865333333333334, 0.9875, 0.9912166666666666, 0.9913666666666666, 0.9926666666666667, 0.9921833333333333, 0.9930666666666667, 0.99435, 0.9937333333333334, 0.9956, 0.9940833333333333, 0.99605, 0.99595, 0.99505, 0.9964666666666666], "train_loss": [2.936873534150215, 0.23139647438899794, 0.11145247171408554, 0.082865105907327, 0.07762183117216576, 0.06465354931393344, 0.06199401449681426, 0.040815114127241196, 0.03740416259951434, 0.03111428559742426, 0.051489697978402096, 0.05433095862818498, 0.03616010710185117, 0.031644166519365136, 0.02005320935517848, 0.09565612665156106, 0.016149267301713652, 0.017968066512448318, 0.028017609626636367, 0.014471156245891218], "test_accuracy": [0.785, 0.9707, 0.985, 0.9867, 0.9854, 0.9915, 0.992, 0.9941, 0.9925, 0.9922, 0.9879, 0.991, 0.9937, 0.9929, 0.991, 0.9934, 0.9939, 0.9929, 0.9946, 0.9931], "test_loss": [0.7880614135838762, 0.10894943903424317, 0.06557651384014494, 0.053048282082169024, 0.06112929029519894, 0.04381318612944643, 0.03400978307542538, 0.024084050823816303, 0.028289239319619693, 0.04321008859406453, 0.057891538638925134, 0.039911685665922764, 0.03210126403536943, 0.039822932178422095, 0.052309448058610854, 0.034788148634060566, 0.03119252074579487, 0.04558399887430024, 0.029079974620787874, 0.04487876224506615]}