{"train_accuracy": [0.82935, 0.9796666666666667, 0.9851666666666666, 0.98635, 0.9881333333333333, 0.9894666666666667, 0.9925166666666667, 0.9931666666666666, 0.9931833333333333, 0.9907, 0.99225, 0.9955833333333334, 0.9958833333333333, 0.99425, 0.9964166666666666, 0.9967833333333334, 0.9958, 0.9971833333333333, 0.9959166666666667, 0.9952166666666666], "train_loss": [0.46579182751155074, 0.07975703909713179, 0.06352432799249538, 0.06231405076978883, 0.05528294820554936, 0.04853882516423344, 0.03238683308827875, 0.031920081373417813, 0.02789404771881887, 0.050669819163599125, 0.032450781120187185, 0.02061406390292251, 0.018610575586921467, 0.026625871248567773, 0.014357545559647088, 0.014265711903401198, 0.01625800335883034, 0.011406093349572934, 0.018088042751778367, 0.025519624673662877], "test_accuracy": [0.9758, 0.9752, 0.9657, 0.9901, 0.9895, 0.9902, 0.9898, 0.9923, 0.9927, 0.9878, 0.9928, 0.9926, 0.9931, 0.9939, 0.9938, 0.9889, 0.9949, 0.9928, 0.9929, 0.9921], "test_loss": [0.09192918485459353, 0.12012974331851702, 0.15039750672228447, 0.04405796458455439, 0.05087244524060501, 0.03938835340329517, 0.05333303824448229, 0.03929719295374065, 0.031988941826725, 0.06336881700959175, 0.03170098106569571, 0.028846493762747616, 0.041776736639872934, 0.02819044322903302, 0.03194778620916081, 0.0635179093634075, 0.024786025795245085, 0.04357208926555785, 0.04514095347958228, 0.0324332478614244]}