{"train_accuracy": [0.10923333333333334, 0.10941666666666666, 0.10721666666666667, 0.10821666666666667, 0.10875, 0.10906666666666667, 0.10903333333333333, 0.10665, 0.10803333333333333, 0.1077, 0.10831666666666667, 0.10916666666666666, 0.10838333333333333, 0.10833333333333334, 0.107, 0.10995, 0.10748333333333333, 0.10861666666666667, 0.10788333333333333, 0.10985], "train_loss": [2.498265892712038, 2.302906881263261, 2.3029648764555386, 2.302979077357473, 2.3029463494510285, 2.302989797551495, 2.3031119410671406, 2.3029549960642735, 2.303289354991303, 2.3029945445721594, 2.303034680738632, 2.302926812853132, 2.302974285093198, 2.302942146370406, 2.3031234995388528, 2.302991799962546, 2.3030902454847975, 2.302932947175081, 2.3030950931597873, 2.3027684576729976], "test_accuracy": [0.1009, 0.1135, 0.1135, 0.1135, 0.1135, 0.1135, 0.0974, 0.101, 0.098, 0.1135, 0.1135, 0.1135, 0.101, 0.101, 0.0958, 0.101, 0.1009, 0.1135, 0.0982, 0.1028], "test_loss": [2.3026893350142466, 2.3021023726161522, 2.3015141275864615, 2.303307113768179, 2.3030513389201106, 2.30232736128795, 2.303108357175996, 2.3030596684805955, 2.3024263110341905, 2.3013795236997967, 2.301840416992767, 2.3019158025331135, 2.3042735359336755, 2.3020690211766883, 2.3038017387631573, 2.3039727542973774, 2.3035161857363544, 2.3012283602847328, 2.3043211049671415, 2.3026978667778306]}