{"train_accuracy": [0.8851333333333333, 0.9851833333333333, 0.99035, 0.9921333333333333, 0.9938833333333333, 0.9948666666666667, 0.9956666666666667, 0.9969666666666667, 0.9971, 0.9973833333333333, 0.9974333333333333, 0.99775, 0.99805, 0.9979166666666667, 0.99845, 0.9987333333333334, 0.9984833333333333, 0.9991166666666667, 0.99845, 0.9989166666666667], "train_loss": [0.3405766910863425, 0.054604609205729085, 0.03608518411434675, 0.02726373050630198, 0.021627771421420652, 0.018019253569899616, 0.015376224522576925, 0.010572462132809235, 0.010888982320458554, 0.009180571433815878, 0.009101218445352863, 0.008455869373080275, 0.006847834709575658, 0.007133941597048237, 0.00518875258120985, 0.00399296846229523, 0.004910124011523783, 0.003320532034468342, 0.00502192815285917, 0.003951940509765813], "test_accuracy": [0.9619, 0.9841, 0.9925, 0.9929, 0.9903, 0.9926, 0.9939, 0.9925, 0.9908, 0.9856, 0.9932, 0.9946, 0.9936, 0.994, 0.9953, 0.9881, 0.9962, 0.9947, 0.9947, 0.9945], "test_loss": [0.12957291998252085, 0.05848150350790046, 0.027981421306782366, 0.028563167087150194, 0.03854056365443158, 0.03069201263686041, 0.02119703614171388, 0.02597797595246701, 0.03635162645044642, 0.05948421086384171, 0.02861099878084386, 0.02201347493679304, 0.026748724769645436, 0.02336431635783903, 0.023858551020048597, 0.042745694365202085, 0.01895896654831965, 0.028098123729711304, 0.020870085964672193, 0.0236845361442083]}