{"train_accuracy": [0.8595666666666667], "train_loss": [0.43979076843764353], "test_accuracy": [0.9119], "test_loss": [0.38784682496061806]}