{"train_accuracy": [0.7714333333333333, 0.9747833333333333, 0.9822833333333333, 0.9854666666666667, 0.9865, 0.9891666666666666, 0.9895666666666667, 0.99095, 0.98925, 0.9930666666666667, 0.9925666666666667, 0.9931833333333333, 0.99115, 0.9945833333333334, 0.9937833333333334, 0.9948, 0.9942166666666666, 0.9940666666666667, 0.99445, 0.99425], "train_loss": [0.6314292730170804, 0.10200598239235933, 0.07372878209788547, 0.06448639258193765, 0.059289339476619254, 0.046526418021834604, 0.04637222239110617, 0.0374981319533629, 0.0506434977132987, 0.03205865442990494, 0.032146606152557905, 0.028935085131956768, 0.03957020551152035, 0.02530090815956965, 0.03018303876941923, 0.0224798546919593, 0.024817706936228874, 0.026630694553225025, 0.024526528136701687, 0.031036189722489484], "test_accuracy": [0.9694, 0.988, 0.9862, 0.989, 0.9883, 0.9874, 0.989, 0.9899, 0.9896, 0.9795, 0.9916, 0.9884, 0.9897, 0.9923, 0.9924, 0.9922, 0.9917, 0.9908, 0.9908, 0.99], "test_loss": [0.10607645818429767, 0.04780157518865626, 0.0599536411657004, 0.044825156155163956, 0.05015261273003987, 0.05374138684984842, 0.04767601146395348, 0.060905921107532894, 0.04884618621469315, 0.0734415901465205, 0.04151709328214994, 0.05536202003665036, 0.047746173017015045, 0.04051179257409849, 0.034764175069603935, 0.04386501549691269, 0.04371031052519617, 0.059166613224241105, 0.05708483310472237, 0.04578000623647533]}