{"train_accuracy": [0.1104, 0.11101666666666667, 0.11188333333333333, 0.11145, 0.1146, 0.6281166666666667, 0.9707166666666667, 0.9847166666666667, 0.9883, 0.9916833333333334, 0.9936333333333334, 0.9945833333333334, 0.9956666666666667, 0.9965833333333334, 0.9968166666666667, 0.9976833333333334, 0.9984, 0.9979, 0.9982, 0.9980833333333333], "train_loss": [2.30196061342764, 2.301816412126586, 2.3017920596258983, 2.301572841876097, 2.30118432202573, 1.00011449047267, 0.09749913965237698, 0.05264043234731021, 0.039774780571397425, 0.029101959233339043, 0.022113327824564995, 0.01793534604136722, 0.014121741038485073, 0.011975314146009716, 0.010592267627460674, 0.00856493702025088, 0.005659962655761634, 0.007115248691318449, 0.006671229707865199, 0.006259907646919314], "test_accuracy": [0.1135, 0.1135, 0.1135, 0.1028, 0.1135, 0.9587, 0.9797, 0.9878, 0.9892, 0.9902, 0.9913, 0.9919, 0.9931, 0.9908, 0.9939, 0.9934, 0.9933, 0.9925, 0.9928, 0.9926], "test_loss": [2.3013949379040177, 2.301441171366698, 2.301085103089642, 2.302142469746292, 2.2979101876544346, 0.13157767427575057, 0.06832177065769626, 0.039065669317415376, 0.03661596854024561, 0.032110620331194155, 0.028278830044296314, 0.025947257618169198, 0.026526294278268626, 0.03552633086756495, 0.022020968262200003, 0.023593664367894188, 0.026096532319049175, 0.0314479290265843, 0.02634965542844381, 0.029203790167334456]}