{"train_accuracy": [0.9401, 0.9768166666666667, 0.9856166666666667, 0.9904, 0.9934166666666666, 0.995, 0.9967333333333334, 0.9978833333333333, 0.9987666666666667, 0.9991833333333333, 0.9993166666666666, 0.9997333333333334, 0.9998833333333333, 0.9999833333333333, 0.9999333333333333, 0.9998, 0.9999166666666667, 1.0, 1.0, 1.0], "train_loss": [0.1953872818914828, 0.0753951146856133, 0.04749614190829517, 0.031513206513677, 0.02254960683622717, 0.01692684794538967, 0.0118554984592013, 0.007900655593829546, 0.005543145809807494, 0.003815259142864884, 0.0031945708061436946, 0.002084285969863667, 0.0014228305862217744, 0.0009088587643406943, 0.0009357105544870665, 0.0011504701263730355, 0.0009424572743127215, 0.0005377735589644523, 0.0004674714512500685, 0.00037823355167246634], "test_accuracy": [0.9699, 0.9775, 0.9771, 0.9801, 0.9804, 0.982, 0.9839, 0.9844, 0.9848, 0.9831, 0.9847, 0.9842, 0.9844, 0.9851, 0.9857, 0.9846, 0.9848, 0.9857, 0.985, 0.9856], "test_loss": [0.10107150748609357, 0.07206256687641144, 0.0683050735439856, 0.06473058985789443, 0.06004376303305209, 0.05889674980759882, 0.05169436336268084, 0.05288103938467539, 0.05279889300051827, 0.05905798623660152, 0.052005911073636314, 0.051440521625443776, 0.05418115802813712, 0.053943088587356254, 0.05178951339716567, 0.05377846763009179, 0.05522382240541777, 0.05395016414656027, 0.05401502775374443, 0.05358083173805686]}