{"train_accuracy": [0.10256666666666667, 0.10193333333333333, 0.1027, 0.1004, 0.1013, 0.10173333333333333, 0.1019, 0.10028333333333334, 0.10151666666666667, 0.10081666666666667, 0.10136666666666666, 0.09963333333333334, 0.1022, 0.10001666666666667, 0.10151666666666667, 0.1018, 0.10376666666666666, 0.10063333333333334, 0.10215, 0.1008], "train_loss": [2.265139988011789e+34, 2.4149611857012796e+34, 2.4169854575988793e+34, 2.4157252380702773e+34, 2.417499880810697e+34, 2.4160338668162416e+34, 2.4148970754525714e+34, 2.415812869179732e+34, 2.418039786846653e+34, 2.4153832086990306e+34, 2.4128859790379143e+34, 2.4133541523875395e+34, 2.418068217235061e+34, 2.4179508370275107e+34, 2.416961665394346e+34, 2.4165005884238164e+34, 2.414867409235749e+34, 2.416645240793571e+34, 2.416922705652824e+34, 2.415379199779347e+34], "test_accuracy": [0.101, 0.101, 0.101, 0.101, 0.101, 0.101, 0.101, 0.101, 0.101, 0.101, 0.101, 0.101, 0.101, 0.101, 0.101, 0.101, 0.101, 0.101, 0.101, 0.101], "test_loss": [2.342286000671855e+34, 2.350262922738062e+34, 2.3439607392354326e+34, 2.341899887173602e+34, 2.3497708948508782e+34, 2.3426108267360873e+34, 2.333366415471961e+34, 2.336125100601988e+34, 2.3344041414315765e+34, 2.330337690175998e+34, 2.340765327663699e+34, 2.3467031039281055e+34, 2.3385361972411865e+34, 2.3483457249992207e+34, 2.338826340613153e+34, 2.3430442655851335e+34, 2.3464617683009534e+34, 2.331829537985392e+34, 2.346993349155899e+34, 2.3419218566917675e+34]}