{"train_accuracy": [0.10921666666666667, 0.11188333333333333, 0.67435, 0.9765333333333334, 0.9860333333333333, 0.9885, 0.991, 0.9934333333333333, 0.9941166666666666, 0.9944833333333334, 0.9946, 0.9951, 0.9963166666666666, 0.99785, 0.9968833333333333, 0.9960166666666667, 0.9982, 0.9964833333333334, 0.9969666666666667, 0.99825], "train_loss": [2.303748190784251, 2.3025527818879086, 0.8835715970981604, 0.09760070743678666, 0.05916018849328113, 0.04732046084779341, 0.03893759520265208, 0.027811034739011652, 0.02553355051888409, 0.022950226897211986, 0.022723625817602112, 0.021080909063496606, 0.01605787405595771, 0.008609792453427129, 0.011907220518508212, 0.01660334269932265, 0.007731755897329887, 0.014149404369605819, 0.012292456817790374, 0.0066729487114420855], "test_accuracy": [0.1135, 0.1135, 0.9511, 0.9851, 0.9841, 0.9869, 0.9933, 0.9899, 0.9909, 0.9918, 0.9913, 0.9906, 0.9926, 0.9914, 0.9926, 0.9941, 0.9941, 0.9932, 0.9936, 0.9935], "test_loss": [2.3035852184778527, 2.3015978909746, 0.18254469684030436, 0.06484381239743361, 0.06834741975357637, 0.056031442179545005, 0.026927863050965426, 0.04289173072828805, 0.03960383547576073, 0.03754189983433955, 0.038291429450199053, 0.05716871322299165, 0.030253452034075156, 0.041017279224882866, 0.03937857981182338, 0.031565928142875156, 0.029019488896779508, 0.03792689293801185, 0.034423689060350295, 0.04502532966826988]}