{"train_accuracy": [0.9423833333333334, 0.9756666666666667, 0.98375, 0.9900166666666667, 0.99295, 0.9952166666666666, 0.9963166666666666, 0.9980666666666667, 0.9985833333333334, 0.9993166666666666, 0.9995833333333334, 0.99955, 0.9997333333333334, 0.9997333333333334, 0.9999666666666667, 0.9999833333333333, 1.0, 1.0, 0.9999833333333333, 1.0], "train_loss": [0.1945685345048049, 0.07869770884492011, 0.049742349047414355, 0.032484963724661725, 0.024086879884219987, 0.01725841986736767, 0.012632264550388066, 0.00791063263786084, 0.00610209261785344, 0.0038993302938573784, 0.0023727032216084285, 0.002444995069776839, 0.0018614512073618088, 0.0015939953673800456, 0.000920065499968511, 0.0006433834404626845, 0.0005516054043701302, 0.0004960929815445627, 0.00044033280842900715, 0.00041255071813956515], "test_accuracy": [0.9694, 0.9775, 0.981, 0.9801, 0.9808, 0.9841, 0.983, 0.9848, 0.9828, 0.9862, 0.9858, 0.985, 0.9856, 0.9855, 0.987, 0.9855, 0.9865, 0.986, 0.9861, 0.9871], "test_loss": [0.09750538120627593, 0.07758177987412568, 0.0617121092109069, 0.061063532597403145, 0.061473424819292154, 0.05632112694164192, 0.05706215982442532, 0.05475828832736132, 0.05561520221233843, 0.04912682802002628, 0.051782757408285196, 0.04918126484926399, 0.05415420907614071, 0.05327477743366257, 0.05165904592689287, 0.05153909239256762, 0.05145339225131535, 0.05051477539238511, 0.05139880369984709, 0.050818643964407925]}