{"train_accuracy": [0.9347666666666666, 0.9713833333333334, 0.9792666666666666, 0.9848166666666667, 0.9887833333333333, 0.9921666666666666, 0.99355, 0.9940833333333333, 0.9940666666666667, 0.9966166666666667, 0.998, 0.9986166666666667, 0.99875, 0.9982666666666666, 0.9974166666666666, 0.9977833333333334, 0.9979666666666667, 0.9982833333333333, 0.9990333333333333, 0.99945], "train_loss": [0.21534530480485609, 0.09309436513313543, 0.06331704407116212, 0.04651116049423544, 0.033930481271768634, 0.023307756423008943, 0.019347400074814267, 0.018007118664091146, 0.017546996441594055, 0.010303599824876969, 0.006160495861952909, 0.004838935143965818, 0.0043346570415443665, 0.005349897558321252, 0.008006455515452877, 0.006314871254588396, 0.00665518189278854, 0.005241421864656019, 0.003325129268109767, 0.0019362047225943886], "test_accuracy": [0.9621, 0.972, 0.978, 0.9768, 0.98, 0.9796, 0.9823, 0.9787, 0.9817, 0.9833, 0.9843, 0.9843, 0.9841, 0.9824, 0.9825, 0.9855, 0.9838, 0.9864, 0.9861, 0.9855], "test_loss": [0.12629446810512227, 0.09197930522451672, 0.07173721952057338, 0.07814033635998074, 0.0668060388298163, 0.07085012176804999, 0.06875523491291023, 0.07716817495153769, 0.0717990986731705, 0.06523713664308138, 0.0600328104167291, 0.07005066810031363, 0.06617512289550534, 0.08218579270309236, 0.07220988063716337, 0.0663928620456548, 0.06848734381750132, 0.061788044758642066, 0.06425154637663236, 0.06320071109913411]}