{"train_accuracy": [0.686, 0.9772833333333333, 0.9840666666666666, 0.9870166666666667, 0.9881, 0.9906166666666667, 0.9918, 0.9917333333333334, 0.9916, 0.9938166666666667, 0.9943, 0.9950166666666667, 0.9862833333333333, 0.9925, 0.9955666666666667, 0.9932, 0.9944, 0.9966833333333334, 0.9961833333333333, 0.9962333333333333], "train_loss": [0.81199577280771, 0.09022076848173526, 0.06594722684614782, 0.055068429060794635, 0.0512450133802616, 0.038263392448462524, 0.036556338927720235, 0.03513967835676276, 0.03648394349903086, 0.025692369647376274, 0.024063607841068736, 0.024574541348029055, 0.06822393473830628, 0.031581106016317806, 0.017809704544851982, 0.030238546624738495, 0.02302677531305289, 0.013695306344481791, 0.015869180826859078, 0.01642118315299228], "test_accuracy": [0.9794, 0.9858, 0.9886, 0.9867, 0.9875, 0.9904, 0.9915, 0.991, 0.9907, 0.9907, 0.9901, 0.9818, 0.9888, 0.9929, 0.9925, 0.9899, 0.9911, 0.9903, 0.991, 0.9922], "test_loss": [0.07860563866959154, 0.058241873142557056, 0.04685761489834683, 0.06348606619521198, 0.05800589887849704, 0.042635847164518376, 0.03805550728125875, 0.04797170216116234, 0.0409733293467692, 0.04304626045959134, 0.03994081463665507, 0.0757709074252627, 0.05497245127895163, 0.02800188020225931, 0.03420732975819537, 0.04185312294955306, 0.04495968107985851, 0.04430405810605027, 0.044928941837354214, 0.04607872208793818]}