{"train_accuracy": [0.9360666666666667, 0.9734833333333334, 0.98195, 0.987, 0.9914, 0.9937833333333334, 0.99485, 0.99585, 0.9971166666666667, 0.9983333333333333, 0.9979666666666667, 0.9986666666666667, 0.9989333333333333, 0.9984666666666666, 0.9979166666666667, 0.9986, 0.99915, 0.9997, 0.9999833333333333, 0.99995], "train_loss": [0.21116917761467668, 0.08606347133979392, 0.055111764938131705, 0.039838422035206676, 0.0271518067898614, 0.018490508869181136, 0.014806579936098165, 0.012214641753849245, 0.008902144948480902, 0.005520926372416547, 0.0066319375327555715, 0.0041783566790275966, 0.003843212652970902, 0.004870249101202868, 0.006267230778896021, 0.0039271626596414505, 0.00275770016514895, 0.0014857771236412, 0.0004973840793736638, 0.0003854338469854464], "test_accuracy": [0.9572, 0.9737, 0.9781, 0.9753, 0.9796, 0.9807, 0.9794, 0.9812, 0.9828, 0.9834, 0.9812, 0.9826, 0.9823, 0.9826, 0.9825, 0.9844, 0.9838, 0.9844, 0.9859, 0.986], "test_loss": [0.13267289420377604, 0.08811187365864509, 0.07261321675975489, 0.08159164122388332, 0.06893419918804607, 0.06565600630084548, 0.07465387449402339, 0.0710604001777696, 0.06083577835246776, 0.06923020011421199, 0.0777531444099496, 0.0667425117932873, 0.07169170570217184, 0.0781848671811508, 0.07326596534158289, 0.06530765845120555, 0.07255372578081826, 0.0677889892109375, 0.062047570739921384, 0.06403214762228983]}