{"train_accuracy": [0.1065, 0.10736666666666667, 0.10768333333333334, 0.1079, 0.10156666666666667, 0.10376666666666666, 0.1047, 0.10423333333333333, 0.10766666666666666, 0.10453333333333334, 0.10665, 0.10615, 0.10118333333333333, 0.10505, 0.1032, 0.10633333333333334, 0.10476666666666666, 0.1039, 0.10391666666666667, 0.10536666666666666], "train_loss": [12302499224328.436, 29.09442862417144, 13.298869124353567, 10.868224889230627, 7.960271621817973, 13.118564728734844, 7.57882490646102, 6.847304958778658, 6.068826803520544, 6.804338924920381, 6.610345971609738, 6.945496831113087, 5.041145579901332, 6.234478559575355, 5.1263292664403854, 6.038770465200136, 2.987115262668016, 2.6815052184977257, 2.6884489583054076, 2.572081287278295], "test_accuracy": [0.1135, 0.0982, 0.1028, 0.1009, 0.1028, 0.1135, 0.1028, 0.1135, 0.101, 0.1028, 0.1028, 0.1009, 0.0982, 0.0982, 0.101, 0.1032, 0.101, 0.1009, 0.1135, 0.0958], "test_loss": [2.30474593065962, 2.305810548082183, 2.3046670322176777, 2.3080436489250085, 2.3071555608435523, 2.3067832536335233, 2.308640211443358, 2.306526594524142, 2.3100392637373526, 2.307966120635407, 2.3070144351524644, 2.3107644183726253, 2.3097072130517113, 2.3042548125303246, 2.3130203440219543, 2.3068923708758775, 2.305825532237186, 2.3118627795690223, 2.308908432344847, 2.3138305356230915]}